title,detail_url,act_details_url,enactment_date,document_type,pdf_url,raw_source,act_id,full_text_source,is_amendment,original_detail_url,original_title,original_raw_source,original_act_details_url,original_act_id,original_full_text_source,original_enactment_date
"Bangladesh Bank (Amendment) Ordinance, 2024",http://bdlaws.minlaw.gov.bd/act-1494.html,http://bdlaws.minlaw.gov.bd/act-details-1494.html,2024-08-13,Ordinance,http://bdlaws.minlaw.gov.bd/upload/act/2024-08-15-09-42-55-Ordinance-No.-1-2024.pdf,data\raw\http-bdlaws-minlaw-gov-bd-act-1494-html.html,act-1494,data\full_text\act-details-1494.txt,True,http://bdlaws.minlaw.gov.bd/act-415.html,"The Bangladesh Bank Order, 1972 (President's Order)",data\raw\http-bdlaws-minlaw-gov-bd-act-415-html.html,http://bdlaws.minlaw.gov.bd/act-details-415.html,act-415,data\full_text\act-details-415.txt,1972-10-31
"জেলা পরিষদ (সংশোধন) অধ্যাদেশ, ২০২৪",http://bdlaws.minlaw.gov.bd/act-1498.html,http://bdlaws.minlaw.gov.bd/act-details-1498.html,2024-08-17,Ordinance,http://bdlaws.minlaw.gov.bd/upload/act/2024-08-20-15-01-28-Ordinance-No-2-of-2024.pdf,data\raw\http-bdlaws-minlaw-gov-bd-act-1498-html.html,act-1498,data\full_text\act-details-1498.txt,True,http://bdlaws.minlaw.gov.bd/act-841.html,"জেলা পরিষদ আইন, ২০০০",data\raw\http-bdlaws-minlaw-gov-bd-act-841-html.html,http://bdlaws.minlaw.gov.bd/act-details-841.html,act-841,data\full_text\act-details-841.txt,2000-06-07
"উপজেলা পরিষদ (সংশোধন) অধ্যাদেশ, ২০২৪",http://bdlaws.minlaw.gov.bd/act-1499.html,http://bdlaws.minlaw.gov.bd/act-details-1499.html,2024-08-17,Ordinance,http://bdlaws.minlaw.gov.bd/upload/act/2024-08-20-15-08-57-Ordinance-No-3-of-2024.pdf,data\raw\http-bdlaws-minlaw-gov-bd-act-1499-html.html,act-1499,data\full_text\act-details-1499.txt,True,http://bdlaws.minlaw.gov.bd/act-827.html,"উপজেলা পরিষদ আইন, ১৯৯৮",data\raw\http-bdlaws-minlaw-gov-bd-act-827-html.html,http://bdlaws.minlaw.gov.bd/act-details-827.html,act-827,data\full_text\act-details-827.txt,1998-03-12
"স্থানীয় সরকার (সিটি কর্পোরেশন) (সংশোধন) অধ্যাদেশ, ২০২৪",http://bdlaws.minlaw.gov.bd/act-1500.html,http://bdlaws.minlaw.gov.bd/act-details-1500.html,2024-08-17,Ordinance,http://bdlaws.minlaw.gov.bd/upload/act/2024-08-20-15-13-54-Ordinance-No-4-of-2024.pdf,data\raw\http-bdlaws-minlaw-gov-bd-act-1500-html.html,act-1500,data\full_text\act-details-1500.txt,True,http://bdlaws.minlaw.gov.bd/act-1026.html,"স্থানীয় সরকার (সিটি কর্পোরেশন) আইন, ২০০৯",data\raw\http-bdlaws-minlaw-gov-bd-act-1026-html.html,http://bdlaws.minlaw.gov.bd/act-details-1026.html,act-1026,data\full_text\act-details-1026.txt,2009-10-15
"স্থানীয় সরকার (পৌরসভা) (সংশোধন) অধ্যাদেশ, ২০২৪",http://bdlaws.minlaw.gov.bd/act-1501.html,http://bdlaws.minlaw.gov.bd/act-details-1501.html,2024-08-17,Ordinance,http://bdlaws.minlaw.gov.bd/upload/act/2024-08-20-15-18-57-Ordinance-No-5-of-2024.pdf,data\raw\http-bdlaws-minlaw-gov-bd-act-1501-html.html,act-1501,data\full_text\act-details-1501.txt,True,,,,,,,
"শেখ হাসিনা জাতীয় যুব উন্নয়ন ইনস্টিটিউট (সংশোধন) অধ্যাদেশ, ২০২৪",http://bdlaws.minlaw.gov.bd/act-1502.html,http://bdlaws.minlaw.gov.bd/act-details-1502.html,2024-08-27,Ordinance,http://bdlaws.minlaw.gov.bd/upload/act/2024-08-28-11-08-34-Ordinance-No.-06-of-2024.pdf,data\raw\http-bdlaws-minlaw-gov-bd-act-1502-html.html,act-1502,data\full_text\act-details-1502.txt,True,http://bdlaws.minlaw.gov.bd/act-1234.html,"জাতীয় যুব উন্নয়ন ইনস্টিটিউট আইন, ২০১৮",data\raw\http-bdlaws-minlaw-gov-bd-act-1234-html.html,http://bdlaws.minlaw.gov.bd/act-details-1234.html,act-1234,data\full_text\act-details-1234.txt,2018-02-28
"বাংলাদেশ এনার্জি রেগুলেটরী কমিশন (সংশোধন) অধ্যাদেশ, ২০২৪",http://bdlaws.minlaw.gov.bd/act-1503.html,http://bdlaws.minlaw.gov.bd/act-details-1503.html,2024-08-27,Ordinance,http://bdlaws.minlaw.gov.bd/upload/act/2024-08-28-11-10-16-Ordinance-No.-07-of-2024.pdf,data\raw\http-bdlaws-minlaw-gov-bd-act-1503-html.html,act-1503,data\full_text\act-details-1503.txt,True,http://bdlaws.minlaw.gov.bd/act-902.html,"বাংলাদেশ এনার্জি রেগুলেটরী কমিশন আইন, ২০০৩",data\raw\http-bdlaws-minlaw-gov-bd-act-902-html.html,http://bdlaws.minlaw.gov.bd/act-details-902.html,act-902,data\full_text\act-details-902.txt,2003-03-13
"জাতির পিতার পরিবার-সদস্যগণের নিরাপত্তা (রহিতকরণ) অধ্যাদেশ, ২০২৪",http://bdlaws.minlaw.gov.bd/act-1505.html,http://bdlaws.minlaw.gov.bd/act-details-1505.html,2024-09-09,Ordinance,http://bdlaws.minlaw.gov.bd/upload/act/2024-09-10-10-58-50-Ordinance-No-09-of-2024.pdf,data\raw\http-bdlaws-minlaw-gov-bd-act-1505-html.html,act-1505,data\full_text\act-details-1505.txt,False,,,,,,,
"পানি সরবরাহ ও পয়ঃনিষ্কাশন কর্তৃপক্ষ (সংশোধন) অধ্যাদেশ, ২০২৪",http://bdlaws.minlaw.gov.bd/act-1506.html,http://bdlaws.minlaw.gov.bd/act-details-1506.html,2024-10-24,Ordinance,http://bdlaws.minlaw.gov.bd/upload/act/2024-10-28-10-46-02-Ordinance-10-of-2024.pdf,data\raw\http-bdlaws-minlaw-gov-bd-act-1506-html.html,act-1506,data\full_text\act-details-1506.txt,True,http://bdlaws.minlaw.gov.bd/act-804.html,"পানি সরবরাহ ও পয়ঃনিষ্কাশন কর্তৃপক্ষ আইন, ১৯৯৬",data\raw\http-bdlaws-minlaw-gov-bd-act-804-html.html,http://bdlaws.minlaw.gov.bd/act-details-804.html,act-804,data\full_text\act-details-804.txt,
"সরকারি, স্বায়ত্তশাসিত,1[***] সংবিধিবদ্ধ সরকারি কর্তৃপক্ষ, পাবলিক নন-ফাইন্যানসিয়াল কর্পোরেশনসহ স্ব-শাসিত সংস্থাসমূহে সরাসরি নিয়োগের ক্ষেত্রে সর্বোচ্চ বয়সসীমা নির্ধারণ অধ্যাদেশ, ২০২৪",http://bdlaws.minlaw.gov.bd/act-1507.html,http://bdlaws.minlaw.gov.bd/act-details-1507.html,2024-11-18,Ordinance,http://bdlaws.minlaw.gov.bd/upload/act/2024-11-19-16-04-47-Ordinance-No.-11-of-2024.pdf,data\raw\http-bdlaws-minlaw-gov-bd-act-1507-html.html,act-1507,data\full_text\act-details-1507.txt,False,,,,,,,
"জাতীয় সংসদ সচিবালয় (অন্তর্বর্তীকালীন বিশেষ বিধান) অধ্যাদেশ, ২০২৪",http://bdlaws.minlaw.gov.bd/act-1508.html,http://bdlaws.minlaw.gov.bd/act-details-1508.html,2024-11-18,Ordinance,http://bdlaws.minlaw.gov.bd/upload/act/2024-11-19-16-17-07-Ordinance-No.-12-of-2024.pdf,data\raw\http-bdlaws-minlaw-gov-bd-act-1508-html.html,act-1508,data\full_text\act-details-1508.txt,False,,,,,,,
"বৈদেশিক কর্মসংস্থান ও অভিবাসী (সংশোধন) অধ্যাদেশ, ২০২৪",http://bdlaws.minlaw.gov.bd/act-1509.html,http://bdlaws.minlaw.gov.bd/act-details-1509.html,2024-11-18,Ordinance,http://bdlaws.minlaw.gov.bd/upload/act/2024-11-19-16-37-30-Ordinance-No.-13-of-2024.pdf,data\raw\http-bdlaws-minlaw-gov-bd-act-1509-html.html,act-1509,data\full_text\act-details-1509.txt,True,,,,,,,
"International Crimes (Tribunals) (Amendment) Ordinance, 2024",http://bdlaws.minlaw.gov.bd/act-1510.html,http://bdlaws.minlaw.gov.bd/act-details-1510.html,2024-11-24,Ordinance,http://bdlaws.minlaw.gov.bd/upload/act/2024-11-25-14-11-03-Ordinance-No.-14-of-2024.pdf,data\raw\http-bdlaws-minlaw-gov-bd-act-1510-html.html,act-1510,data\full_text\act-details-1510.txt,True,http://bdlaws.minlaw.gov.bd/act-435.html,"The International Crimes (Tribunals) Act, 1973",data\raw\http-bdlaws-minlaw-gov-bd-act-435-html.html,http://bdlaws.minlaw.gov.bd/act-details-435.html,act-435,data\full_text\act-details-435.txt,1973-07-20
"বিদ্যুৎ ও জ্বালানীর দ্রুত সরবরাহ বৃদ্ধি (বিশেষ বিধান) (রহিতকরণ) অধ্যাদেশ, ২০২৪",http://bdlaws.minlaw.gov.bd/act-1511.html,http://bdlaws.minlaw.gov.bd/act-details-1511.html,2024-11-28,Ordinance,http://bdlaws.minlaw.gov.bd/upload/act/2024-12-01-11-27-35-Ordinance-No.-15-of-2024.pdf,data\raw\http-bdlaws-minlaw-gov-bd-act-1511-html.html,act-1511,data\full_text\act-details-1511.txt,False,,,,,,,
"মূল্য সংযোজন কর ও সম্পূরক শুল্ক (সংশোধন) অধ্যাদেশ, ২০২৫",http://bdlaws.minlaw.gov.bd/act-1514.html,http://bdlaws.minlaw.gov.bd/act-details-1514.html,2025-09-01,Ordinance,http://bdlaws.minlaw.gov.bd/upload/act/2025-01-13-11-09-58-Ordinance-No.-1-of-2025.pdf,data\raw\http-bdlaws-minlaw-gov-bd-act-1514-html.html,act-1514,data\full_text\act-details-1514.txt,True,http://bdlaws.minlaw.gov.bd/act-1106.html,"মূল্য সংযোজন কর ও সম্পূরক শুল্ক আইন, ২০১২",data\raw\http-bdlaws-minlaw-gov-bd-act-1106-html.html,http://bdlaws.minlaw.gov.bd/act-details-1106.html,act-1106,data\full_text\act-details-1106.txt,2012-10-12
"The Excises and Salt (Amendment) Ordinance, 2025",http://bdlaws.minlaw.gov.bd/act-1515.html,http://bdlaws.minlaw.gov.bd/act-details-1515.html,2025-09-01,Ordinance,http://bdlaws.minlaw.gov.bd/upload/act/2025-01-13-11-25-19-Ordinance-No.-2-of-2025.pdf,data\raw\http-bdlaws-minlaw-gov-bd-act-1515-html.html,act-1515,data\full_text\act-details-1515.txt,True,http://bdlaws.minlaw.gov.bd/act-206.html,"The Excises and Salt Act, 1944",data\raw\http-bdlaws-minlaw-gov-bd-act-206-html.html,http://bdlaws.minlaw.gov.bd/act-details-206.html,act-206,data\full_text\act-details-206.txt,1944-02-24
"সুপ্রীম কোর্টের বিচারক নিয়োগ অধ্যাদেশ, ২০২৫",http://bdlaws.minlaw.gov.bd/act-1516.html,http://bdlaws.minlaw.gov.bd/act-details-1516.html,2025-01-21,Ordinance,http://bdlaws.minlaw.gov.bd/upload/act/2025-01-22-10-35-50-ফরম.pdf,data\raw\http-bdlaws-minlaw-gov-bd-act-1516-html.html,act-1516,data\full_text\act-details-1516.txt,False,,,,,,,
"International Crimes (Tribunals) (Amendment) Ordinance, 2025",http://bdlaws.minlaw.gov.bd/act-1517.html,http://bdlaws.minlaw.gov.bd/act-details-1517.html,2025-10-02,Ordinance,http://bdlaws.minlaw.gov.bd/upload/act/2025-02-16-14-02-22-Ordinance-No.-4-of-2025.pdf,data\raw\http-bdlaws-minlaw-gov-bd-act-1517-html.html,act-1517,data\full_text\act-details-1517.txt,True,http://bdlaws.minlaw.gov.bd/act-435.html,"The International Crimes (Tribunals) Act, 1973",data\raw\http-bdlaws-minlaw-gov-bd-act-435-html.html,http://bdlaws.minlaw.gov.bd/act-details-435.html,act-435,data\full_text\act-details-435.txt,1973-07-20
"বিশ্ববিদ্যালয় সংক্রান্ত কতিপয় আইন (সংশোধন) অধ্যাদেশ, ২০২৫",http://bdlaws.minlaw.gov.bd/act-1518.html,http://bdlaws.minlaw.gov.bd/act-details-1518.html,2025-12-02,Ordinance,http://bdlaws.minlaw.gov.bd/upload/act/2025-02-16-14-11-05-Ordinance-No.-5-of-2025.pdf,data\raw\http-bdlaws-minlaw-gov-bd-act-1518-html.html,act-1518,data\full_text\act-details-1518.txt,True,,,,,,,
"শেখ রাসেল পল্লী উন্নয়ন একাডেমি, রংপুর (সংশোধন) অধ্যাদেশ, ২০২৫",http://bdlaws.minlaw.gov.bd/act-1519.html,http://bdlaws.minlaw.gov.bd/act-details-1519.html,2025-02-24,Ordinance,http://bdlaws.minlaw.gov.bd/upload/act/2025-02-25-14-40-13-Ordinance-No.-6-of-2025.pdf,data\raw\http-bdlaws-minlaw-gov-bd-act-1519-html.html,act-1519,data\full_text\act-details-1519.txt,True,http://bdlaws.minlaw.gov.bd/act-1440.html,"পল্লী উন্নয়ন একাডেমি, রংপুর আইন, ২০২৩",data\raw\http-bdlaws-minlaw-gov-bd-act-1440-html.html,http://bdlaws.minlaw.gov.bd/act-details-1440.html,act-1440,data\full_text\act-details-1440.txt,2023-11-07
"শেখ হাসিনা পল্লী উন্নয়ন একাডেমি, জামালপুর (সংশোধন) অধ্যাদেশ, ২০২৫",http://bdlaws.minlaw.gov.bd/act-1520.html,http://bdlaws.minlaw.gov.bd/act-details-1520.html,2025-02-24,Ordinance,http://bdlaws.minlaw.gov.bd/upload/act/2025-02-25-14-56-56-Ordinance-No.-7-of-2025.pdf,data\raw\http-bdlaws-minlaw-gov-bd-act-1520-html.html,act-1520,data\full_text\act-details-1520.txt,True,http://bdlaws.minlaw.gov.bd/act-1445.html,"পল্লী উন্নয়ন একাডেমি, জামালপুর আইন, ২০২৩",data\raw\http-bdlaws-minlaw-gov-bd-act-1445-html.html,http://bdlaws.minlaw.gov.bd/act-details-1445.html,act-1445,data\full_text\act-details-1445.txt,2023-09-18
"বঙ্গবন্ধু দারিদ্র্য বিমোচন ও পল্লী উন্নয়ন একাডেমি (সংশোধন) অধ্যাদেশ, ২০২৫",http://bdlaws.minlaw.gov.bd/act-1521.html,http://bdlaws.minlaw.gov.bd/act-details-1521.html,2025-02-24,Ordinance,http://bdlaws.minlaw.gov.bd/upload/act/2025-02-25-15-13-46-Ordinance-No.-8-of-2025.pdf,data\raw\http-bdlaws-minlaw-gov-bd-act-1521-html.html,act-1521,data\full_text\act-details-1521.txt,True,,,,,,,
"বঙ্গবন্ধু বিজ্ঞান ও প্রযুক্তি ফেলোশিপ ট্রাস্ট (সংশোধন) অধ্যাদেশ, ২০২৫",http://bdlaws.minlaw.gov.bd/act-1522.html,http://bdlaws.minlaw.gov.bd/act-details-1522.html,2025-03-20,Ordinance,http://bdlaws.minlaw.gov.bd/upload/act/2025-03-23-11-03-10-Odinance-No.-9-of-2025.pdf,data\raw\http-bdlaws-minlaw-gov-bd-act-1522-html.html,act-1522,data\full_text\act-details-1522.txt,True,http://bdlaws.minlaw.gov.bd/act-1176.html,"বিজ্ঞান ও প্রযুক্তি ফেলোশিপ ট্রাস্ট আইন, ২০১৬",data\raw\http-bdlaws-minlaw-gov-bd-act-1176-html.html,http://bdlaws.minlaw.gov.bd/act-details-1176.html,act-1176,data\full_text\act-details-1176.txt,
"বঙ্গবন্ধু শেখ মুজিবুর রহমান নভোথিয়েটার (সংশোধন) অধ্যাদেশ, ২০২৫",http://bdlaws.minlaw.gov.bd/act-1523.html,http://bdlaws.minlaw.gov.bd/act-details-1523.html,2025-03-20,Ordinance,http://bdlaws.minlaw.gov.bd/upload/act/2025-03-23-11-15-28-Ordinance-No.-10-of-2025.pdf,data\raw\http-bdlaws-minlaw-gov-bd-act-1523-html.html,act-1523,data\full_text\act-details-1523.txt,True,http://bdlaws.minlaw.gov.bd/act-1031.html,"নভোথিয়েটার আইন, ২০১০",data\raw\http-bdlaws-minlaw-gov-bd-act-1031-html.html,http://bdlaws.minlaw.gov.bd/act-details-1031.html,act-1031,data\full_text\act-details-1031.txt,2010-03-18
"নারী ও শিশু নির্যাতন দমন (সংশোধন) অধ্যাদেশ, ২০২৫",http://bdlaws.minlaw.gov.bd/act-1524.html,http://bdlaws.minlaw.gov.bd/act-details-1524.html,2025-03-25,Ordinance,http://bdlaws.minlaw.gov.bd/upload/act/2025-03-27-12-38-56-২০২৫-সালের-১১-নং-অধ্যাদেশ.pdf,data\raw\http-bdlaws-minlaw-gov-bd-act-1524-html.html,act-1524,data\full_text\act-details-1524.txt,True,http://bdlaws.minlaw.gov.bd/act-835.html,"নারী ও শিশু নির্যাতন দমন আইন, ২০০০",data\raw\http-bdlaws-minlaw-gov-bd-act-835-html.html,http://bdlaws.minlaw.gov.bd/act-details-835.html,act-835,data\full_text\act-details-835.txt,
"বঙ্গবন্ধু শেখ মুজিব মেডিক্যাল বিশ্ববিদ্যালয় (সংশোধন) অধ্যাদেশ, ২০২৫",http://bdlaws.minlaw.gov.bd/act-1525.html,http://bdlaws.minlaw.gov.bd/act-details-1525.html,2025-04-13,Ordinance,http://bdlaws.minlaw.gov.bd/upload/act/2025-04-17-14-11-24-Ordinance-No.-12-of-2025.pdf,data\raw\http-bdlaws-minlaw-gov-bd-act-1525-html.html,act-1525,data\full_text\act-details-1525.txt,True,,,,,,,
"শেখ হাসিনা মেডিক্যাল বিশ্ববিদ্যালয়, খুলনা, (সংশোধন) অধ্যাদেশ, ২০২৫",http://bdlaws.minlaw.gov.bd/act-1526.html,http://bdlaws.minlaw.gov.bd/act-details-1526.html,2025-04-13,Ordinance,http://bdlaws.minlaw.gov.bd/upload/act/2025-04-20-11-02-13-Ordinance-No.-13-of-2025.pdf,data\raw\http-bdlaws-minlaw-gov-bd-act-1526-html.html,act-1526,data\full_text\act-details-1526.txt,True,,,,,,,
"বঙ্গমাতা শেখ ফজিলাতুন্নেছা মুজিব মেডিকেল বিশ্ববিদ্যালয়, সিলেট (সংশোধন) অধ্যাদেশ, ২০২৫",http://bdlaws.minlaw.gov.bd/act-1527.html,http://bdlaws.minlaw.gov.bd/act-details-1527.html,2025-04-13,Ordinance,,data\raw\http-bdlaws-minlaw-gov-bd-act-1527-html.html,act-1527,data\full_text\act-details-1527.txt,True,,,,,,,
"পরিত্যক্ত বাড়ি (সম্পূরক বিধানাবলি) (সংশোধন) অধ্যাদেশ, ২০২৫",http://bdlaws.minlaw.gov.bd/act-1528.html,http://bdlaws.minlaw.gov.bd/act-details-1528.html,2025-04-15,Ordinance,http://bdlaws.minlaw.gov.bd/upload/act/2025-04-20-12-15-55-Ordinance-No.-15-of-2025.pdf,data\raw\http-bdlaws-minlaw-gov-bd-act-1528-html.html,act-1528,data\full_text\act-details-1528.txt,True,http://bdlaws.minlaw.gov.bd/act-1483.html,"পরিত্যক্ত বাড়ি (সম্পূরক বিধানাবলি) আইন, ২০২৩",data\raw\http-bdlaws-minlaw-gov-bd-act-1483-html.html,http://bdlaws.minlaw.gov.bd/act-details-1483.html,act-1483,data\full_text\act-details-1483.txt,2023-11-13
"পাবলিক প্রকিউরমেন্ট (সংশোধন) অধ্যাদেশ, ২০২৫",http://bdlaws.minlaw.gov.bd/act-1529.html,http://bdlaws.minlaw.gov.bd/act-details-1529.html,2025-04-05,Ordinance,http://bdlaws.minlaw.gov.bd/upload/act/2025-05-06-11-39-08-Ordinance-No-16-of-2025.pdf,data\raw\http-bdlaws-minlaw-gov-bd-act-1529-html.html,act-1529,data\full_text\act-details-1529.txt,True,http://bdlaws.minlaw.gov.bd/act-942.html,"পাবলিক প্রকিউরমেন্ট আইন, ২০০৬",data\raw\http-bdlaws-minlaw-gov-bd-act-942-html.html,http://bdlaws.minlaw.gov.bd/act-details-942.html,act-942,data\full_text\act-details-942.txt,2006-06-07
"সরকারি হিসাব নিরীক্ষা অধ্যাদেশ, ২০২৫",http://bdlaws.minlaw.gov.bd/act-1530.html,http://bdlaws.minlaw.gov.bd/act-details-1530.html,2025-04-05,Ordinance,http://bdlaws.minlaw.gov.bd/upload/act/2025-05-06-11-47-45-Ordinance-No-17-of-2025.pdf,data\raw\http-bdlaws-minlaw-gov-bd-act-1530-html.html,act-1530,data\full_text\act-details-1530.txt,False,,,,,,,
"Code of Civil Procedure (Amendment) Ordinance, 2025",http://bdlaws.minlaw.gov.bd/act-1531.html,http://bdlaws.minlaw.gov.bd/act-details-1531.html,2025-08-05,Ordinance,http://bdlaws.minlaw.gov.bd/upload/act/2025-05-13-09-38-18-Ordinance-No.-18-of-2025.pdf,data\raw\http-bdlaws-minlaw-gov-bd-act-1531-html.html,act-1531,data\full_text\act-details-1531.txt,True,http://bdlaws.minlaw.gov.bd/act-86.html,"The Code of Civil Procedure, 1908",data\raw\http-bdlaws-minlaw-gov-bd-act-86-html.html,http://bdlaws.minlaw.gov.bd/act-details-86.html,act-86,data\full_text\act-details-86.txt,1908-03-21
"ব্যাংক রেজল্যুশন অধ্যাদেশ, ২০২৫",http://bdlaws.minlaw.gov.bd/act-1532.html,http://bdlaws.minlaw.gov.bd/act-details-1532.html,2025-09-05,Ordinance,http://bdlaws.minlaw.gov.bd/upload/act/2025-05-13-10-34-31-Ordinance-No.-19-of-2025.pdf,data\raw\http-bdlaws-minlaw-gov-bd-act-1532-html.html,act-1532,data\full_text\act-details-1532.txt,False,,,,,,,
"International Crimes (Tribunals) (Second Amendment) Ordinance, 2025",http://bdlaws.minlaw.gov.bd/act-1533.html,http://bdlaws.minlaw.gov.bd/act-details-1533.html,2025-10-05,Ordinance,http://bdlaws.minlaw.gov.bd/upload/act/2025-05-13-10-41-30-Ordinance-No.-20-of-2025.pdf,data\raw\http-bdlaws-minlaw-gov-bd-act-1533-html.html,act-1533,data\full_text\act-details-1533.txt,True,http://bdlaws.minlaw.gov.bd/act-435.html,"The International Crimes (Tribunals) Act, 1973",data\raw\http-bdlaws-minlaw-gov-bd-act-435-html.html,http://bdlaws.minlaw.gov.bd/act-details-435.html,act-435,data\full_text\act-details-435.txt,1973-07-20
"সন্ত্রাস বিরোধী (সংশোধন) অধ্যাদেশ, ২০২৫",http://bdlaws.minlaw.gov.bd/act-1534.html,http://bdlaws.minlaw.gov.bd/act-details-1534.html,2025-11-05,Ordinance,http://bdlaws.minlaw.gov.bd/upload/act/2025-05-13-11-06-13-Ordinance-No.-21-of-2025.pdf,data\raw\http-bdlaws-minlaw-gov-bd-act-1534-html.html,act-1534,data\full_text\act-details-1534.txt,True,http://bdlaws.minlaw.gov.bd/act-1009.html,"সন্ত্রাস বিরোধী আইন, ২০০৯",data\raw\http-bdlaws-minlaw-gov-bd-act-1009-html.html,http://bdlaws.minlaw.gov.bd/act-details-1009.html,act-1009,data\full_text\act-details-1009.txt,
"গ্রামীণ ব্যাংক (সংশোধন) অধ্যাদেশ, ২০২৫",http://bdlaws.minlaw.gov.bd/act-1535.html,http://bdlaws.minlaw.gov.bd/act-details-1535.html,2025-12-05,Ordinance,http://bdlaws.minlaw.gov.bd/upload/act/2025-05-14-15-20-54-Ordinance-No.-22-of-2025.pdf,data\raw\http-bdlaws-minlaw-gov-bd-act-1535-html.html,act-1535,data\full_text\act-details-1535.txt,True,http://bdlaws.minlaw.gov.bd/act-1138.html,"গ্রামীণ ব্যাংক আইন, ২০১৩",data\raw\http-bdlaws-minlaw-gov-bd-act-1138-html.html,http://bdlaws.minlaw.gov.bd/act-details-1138.html,act-1138,data\full_text\act-details-1138.txt,2013-10-11
"জাতীয় সংসদের নির্বাচনি এলাকার সীমানা নির্ধারণ (সংশোধন) অধ্যাদেশ, ২০২৫",http://bdlaws.minlaw.gov.bd/act-1536.html,http://bdlaws.minlaw.gov.bd/act-details-1536.html,2025-12-05,Ordinance,http://bdlaws.minlaw.gov.bd/upload/act/2025-05-14-15-46-00-Ordinance-No.-23-of-2025.pdf,data\raw\http-bdlaws-minlaw-gov-bd-act-1536-html.html,act-1536,data\full_text\act-details-1536.txt,True,http://bdlaws.minlaw.gov.bd/act-1379.html,"জাতীয় সংসদের নির্বাচনি এলাকার সীমানা নির্ধারণ আইন, ২০২১",data\raw\http-bdlaws-minlaw-gov-bd-act-1379-html.html,http://bdlaws.minlaw.gov.bd/act-details-1379.html,act-1379,data\full_text\act-details-1379.txt,2021-09-13
"রাজস্ব নীতি ও রাজস্ব ব্যবস্থাপনা অধ্যাদেশ, ২০২৫",http://bdlaws.minlaw.gov.bd/act-1537.html,http://bdlaws.minlaw.gov.bd/act-details-1537.html,2025-12-05,Ordinance,http://bdlaws.minlaw.gov.bd/upload/act/2025-06-15-15-33-07-Schedule.pdf,data\raw\http-bdlaws-minlaw-gov-bd-act-1537-html.html,act-1537,data\full_text\act-details-1537.txt,False,,,,,,,
"সাইবার সুরক্ষা অধ্যাদেশ, ২০২৫",http://bdlaws.minlaw.gov.bd/act-1538.html,http://bdlaws.minlaw.gov.bd/act-details-1538.html,2025-05-21,Ordinance,http://bdlaws.minlaw.gov.bd/upload/act/2025-05-25-11-22-35-Ordinance-No.-25-of-2025.pdf,data\raw\http-bdlaws-minlaw-gov-bd-act-1538-html.html,act-1538,data\full_text\act-details-1538.txt,False,,,,,,,
"সরকারি চাকরি (সংশোধন) অধ্যাদেশ, ২০২৫",http://bdlaws.minlaw.gov.bd/act-1539.html,http://bdlaws.minlaw.gov.bd/act-details-1539.html,2025-05-25,Ordinance,http://bdlaws.minlaw.gov.bd/upload/act/2025-05-29-10-03-30-Ordinance-No.-26-of-2025.pdf,data\raw\http-bdlaws-minlaw-gov-bd-act-1539-html.html,act-1539,data\full_text\act-details-1539.txt,True,http://bdlaws.minlaw.gov.bd/act-1271.html,"সরকারি চাকরি আইন, ২০১৮",data\raw\http-bdlaws-minlaw-gov-bd-act-1271-html.html,http://bdlaws.minlaw.gov.bd/act-details-1271.html,act-1271,data\full_text\act-details-1271.txt,2018-11-14
"বঙ্গবন্ধু ক্রীড়াসেবী কল্যাণ ফাউন্ডেশন (সংশোধন) অধ্যাদেশ, ২০২৫",http://bdlaws.minlaw.gov.bd/act-1540.html,http://bdlaws.minlaw.gov.bd/act-details-1540.html,2025-05-27,Ordinance,http://bdlaws.minlaw.gov.bd/upload/act/2025-05-29-10-07-20-Ordinance-No.-27-of-2025.pdf,data\raw\http-bdlaws-minlaw-gov-bd-act-1540-html.html,act-1540,data\full_text\act-details-1540.txt,True,,,,,,,
"অর্থ অধ্যাদেশ, ২০২৫",http://bdlaws.minlaw.gov.bd/act-1541.html,http://bdlaws.minlaw.gov.bd/act-details-1541.html,2025-02-06,Ordinance,http://bdlaws.minlaw.gov.bd/upload/act/2025-06-17-10-04-01-Ordinance-No.-28-of-2025.pdf,data\raw\http-bdlaws-minlaw-gov-bd-act-1541-html.html,act-1541,data\full_text\act-details-1541.txt,False,,,,,,,
"জাতীয় মুক্তিযোদ্ধা কাউন্সিল (সংশোধন) অধ্যাদেশ, ২০২৫",http://bdlaws.minlaw.gov.bd/act-1542.html,http://bdlaws.minlaw.gov.bd/act-details-1542.html,2025-03-06,Ordinance,http://bdlaws.minlaw.gov.bd/upload/act/2025-06-17-12-11-17-Ordinance-No.-29-of-2025.pdf,data\raw\http-bdlaws-minlaw-gov-bd-act-1542-html.html,act-1542,data\full_text\act-details-1542.txt,True,,,,,,,
"জুলাই গণঅভ্যুত্থানে শহিদ পরিবার এবং জুলাই যোদ্ধাদের কল্যাণ ও পুনর্বাসন অধ্যাদেশ, ২০২৫",http://bdlaws.minlaw.gov.bd/act-1543.html,http://bdlaws.minlaw.gov.bd/act-details-1543.html,2025-06-17,Ordinance,http://bdlaws.minlaw.gov.bd/upload/act/2025-06-23-11-08-48-Ordinance-No.-30-of-2025.pdf,data\raw\http-bdlaws-minlaw-gov-bd-act-1543-html.html,act-1543,data\full_text\act-details-1543.txt,False,,,,,,,
"নির্দিষ্টকরণ (সম্পূরক) অধ্যাদেশ, ২০২৫",http://bdlaws.minlaw.gov.bd/act-1544.html,http://bdlaws.minlaw.gov.bd/act-details-1544.html,2025-06-26,Ordinance,http://bdlaws.minlaw.gov.bd/upload/act/2025-07-08-13-28-36-Schedule.pdf,data\raw\http-bdlaws-minlaw-gov-bd-act-1544-html.html,act-1544,data\full_text\act-details-1544.txt,False,,,,,,,
"নির্দিষ্টকরণ অধ্যাদেশ, ২০২৫",http://bdlaws.minlaw.gov.bd/act-1545.html,http://bdlaws.minlaw.gov.bd/act-details-1545.html,2025-06-26,Ordinance,http://bdlaws.minlaw.gov.bd/upload/act/2025-07-08-13-49-50-Schedule.pdf,data\raw\http-bdlaws-minlaw-gov-bd-act-1545-html.html,act-1545,data\full_text\act-details-1545.txt,False,,,,,,,
"অর্থ সংক্রান্ত কতিপয় আইন (সংশোধন) অধ্যাদেশ, ২০২৫",http://bdlaws.minlaw.gov.bd/act-1546.html,http://bdlaws.minlaw.gov.bd/act-details-1546.html,2025-06-26,Ordinance,http://bdlaws.minlaw.gov.bd/upload/act/2025-07-08-14-01-37-Ordinance-No.-33-of-2025.pdf,data\raw\http-bdlaws-minlaw-gov-bd-act-1546-html.html,act-1546,data\full_text\act-details-1546.txt,True,,,,,,,
"Protection and Conservation of Fish (Amendment) Ordinance, 2025",http://bdlaws.minlaw.gov.bd/act-1547.html,http://bdlaws.minlaw.gov.bd/act-details-1547.html,2025-06-29,Ordinance,http://bdlaws.minlaw.gov.bd/upload/act/2025-07-08-14-44-45-Ordinance-No.-34-of-2025.pdf,data\raw\http-bdlaws-minlaw-gov-bd-act-1547-html.html,act-1547,data\full_text\act-details-1547.txt,True,http://bdlaws.minlaw.gov.bd/act-233.html,"The Protection and Conservation of Fish Act, 1950 (East Bengal Act)",data\raw\http-bdlaws-minlaw-gov-bd-act-233-html.html,http://bdlaws.minlaw.gov.bd/act-details-233.html,act-233,data\full_text\act-details-233.txt,1950-05-18
"আইনগত সহায়তা প্রদান (সংশোধন) অধ্যাদেশ, ২০২৫",http://bdlaws.minlaw.gov.bd/act-1548.html,http://bdlaws.minlaw.gov.bd/act-details-1548.html,2025-01-07,Ordinance,http://bdlaws.minlaw.gov.bd/upload/act/2025-07-08-15-21-43-Schedule.pdf,data\raw\http-bdlaws-minlaw-gov-bd-act-1548-html.html,act-1548,data\full_text\act-details-1548.txt,True,http://bdlaws.minlaw.gov.bd/act-834.html,"আইনগত সহায়তা প্রদান আইন, ২০০০",data\raw\http-bdlaws-minlaw-gov-bd-act-834-html.html,http://bdlaws.minlaw.gov.bd/act-details-834.html,act-834,data\full_text\act-details-834.txt,
"Code of Criminal Procedure (Amendment) Ordinance, 2025",http://bdlaws.minlaw.gov.bd/act-1549.html,http://bdlaws.minlaw.gov.bd/act-details-1549.html,2025-10-07,Ordinance,http://bdlaws.minlaw.gov.bd/upload/act/2025-07-13-13-43-26-Ordinance-No.-36-of-2025.pdf,data\raw\http-bdlaws-minlaw-gov-bd-act-1549-html.html,act-1549,data\full_text\act-details-1549.txt,True,http://bdlaws.minlaw.gov.bd/act-75.html,"The Code of Criminal Procedure, 1898",data\raw\http-bdlaws-minlaw-gov-bd-act-75-html.html,http://bdlaws.minlaw.gov.bd/act-details-75.html,act-75,data\full_text\act-details-75.txt,1898-03-22
"সরকারি চাকরি (দ্বিতীয় সংশোধন) অধ্যাদেশ, ২০২৫",http://bdlaws.minlaw.gov.bd/act-1550.html,http://bdlaws.minlaw.gov.bd/act-details-1550.html,2025-07-23,Ordinance,http://bdlaws.minlaw.gov.bd/upload/act/2025-07-31-13-14-01-Ordinance-No.-37-of-2025.pdf,data\raw\http-bdlaws-minlaw-gov-bd-act-1550-html.html,act-1550,data\full_text\act-details-1550.txt,True,http://bdlaws.minlaw.gov.bd/act-1271.html,"সরকারি চাকরি আইন, ২০১৮",data\raw\http-bdlaws-minlaw-gov-bd-act-1271-html.html,http://bdlaws.minlaw.gov.bd/act-details-1271.html,act-1271,data\full_text\act-details-1271.txt,2018-11-14
"মহেশখালী সমন্বিত উন্নয়ন কর্তৃপক্ষ অধ্যাদেশ, ২০২৫",http://bdlaws.minlaw.gov.bd/act-1551.html,http://bdlaws.minlaw.gov.bd/act-details-1551.html,2025-07-23,Ordinance,http://bdlaws.minlaw.gov.bd/upload/act/2025-07-31-15-38-05-তফসিল.pdf,data\raw\http-bdlaws-minlaw-gov-bd-act-1551-html.html,act-1551,data\full_text\act-details-1551.txt,False,,,,,,,
"ভোটার তালিকা (সংশোধন) অধ্যাদেশ, ২০২৫",http://bdlaws.minlaw.gov.bd/act-1552.html,http://bdlaws.minlaw.gov.bd/act-details-1552.html,2025-07-24,Ordinance,http://bdlaws.minlaw.gov.bd/upload/act/2025-08-03-10-03-20-Ordinance-No.-39-of-2025.pdf,data\raw\http-bdlaws-minlaw-gov-bd-act-1552-html.html,act-1552,data\full_text\act-details-1552.txt,True,http://bdlaws.minlaw.gov.bd/act-1005.html,"ভোটার তালিকা আইন, ২০০৯",data\raw\http-bdlaws-minlaw-gov-bd-act-1005-html.html,http://bdlaws.minlaw.gov.bd/act-details-1005.html,act-1005,data\full_text\act-details-1005.txt,2009-02-24
"জাতীয় ক্রীড়া পরিষদ (সংশোধন) অধ্যাদেশ, ২০২৫",http://bdlaws.minlaw.gov.bd/act-1553.html,http://bdlaws.minlaw.gov.bd/act-details-1553.html,2025-04-08,Ordinance,http://bdlaws.minlaw.gov.bd/upload/act/2025-08-10-16-12-58-Ordinance-No.-40-of-2025.pdf,data\raw\http-bdlaws-minlaw-gov-bd-act-1553-html.html,act-1553,data\full_text\act-details-1553.txt,True,http://bdlaws.minlaw.gov.bd/act-1264.html,"জাতীয় ক্রীড়া পরিষদ আইন, ২০১৮",data\raw\http-bdlaws-minlaw-gov-bd-act-1264-html.html,http://bdlaws.minlaw.gov.bd/act-details-1264.html,act-1264,data\full_text\act-details-1264.txt,2018-08-10
"Code of Criminal Procedure (Second Amendment) Ordinance, 2025",http://bdlaws.minlaw.gov.bd/act-1554.html,http://bdlaws.minlaw.gov.bd/act-details-1554.html,2025-10-08,Ordinance,http://bdlaws.minlaw.gov.bd/upload/act/2025-08-13-15-55-01-Ordinance-No.-41-of-2025.pdf,data\raw\http-bdlaws-minlaw-gov-bd-act-1554-html.html,act-1554,data\full_text\act-details-1554.txt,True,http://bdlaws.minlaw.gov.bd/act-75.html,"The Code of Criminal Procedure, 1898",data\raw\http-bdlaws-minlaw-gov-bd-act-75-html.html,http://bdlaws.minlaw.gov.bd/act-details-75.html,act-75,data\full_text\act-details-75.txt,1898-03-22
"বাংলাদেশ বিনিয়োগ উন্নয়ন কর্তৃপক্ষ (সংশোধন) অধ্যাদেশ, ২০২৫",http://bdlaws.minlaw.gov.bd/act-1555.html,http://bdlaws.minlaw.gov.bd/act-details-1555.html,2025-10-08,Ordinance,http://bdlaws.minlaw.gov.bd/upload/act/2025-08-14-17-06-03-Ordinance-No.-42-of-2025.pdf,data\raw\http-bdlaws-minlaw-gov-bd-act-1555-html.html,act-1555,data\full_text\act-details-1555.txt,True,http://bdlaws.minlaw.gov.bd/act-1194.html,"বাংলাদেশ বিনিয়োগ উন্নয়ন কর্তৃপক্ষ আইন, ২০১৬",data\raw\http-bdlaws-minlaw-gov-bd-act-1194-html.html,http://bdlaws.minlaw.gov.bd/act-details-1194.html,act-1194,data\full_text\act-details-1194.txt,2016-01-08
"স্থানীয় সরকার (সিটি কর্পোরেশন) (সংশোধন) অধ্যাদেশ, ২০২৫",http://bdlaws.minlaw.gov.bd/act-1556.html,http://bdlaws.minlaw.gov.bd/act-details-1556.html,2025-08-18,Ordinance,http://bdlaws.minlaw.gov.bd/upload/act/2025-08-20-09-16-25-Ordinance-No.-43-of-2025.pdf.pdf,data\raw\http-bdlaws-minlaw-gov-bd-act-1556-html.html,act-1556,data\full_text\act-details-1556.txt,True,http://bdlaws.minlaw.gov.bd/act-1026.html,"স্থানীয় সরকার (সিটি কর্পোরেশন) আইন, ২০০৯",data\raw\http-bdlaws-minlaw-gov-bd-act-1026-html.html,http://bdlaws.minlaw.gov.bd/act-details-1026.html,act-1026,data\full_text\act-details-1026.txt,2009-10-15
"স্থানীয় সরকার (পৌরসভা) (সংশোধন) অধ্যাদেশ, ২০২৫",http://bdlaws.minlaw.gov.bd/act-1557.html,http://bdlaws.minlaw.gov.bd/act-details-1557.html,2025-08-18,Ordinance,http://bdlaws.minlaw.gov.bd/upload/act/2025-08-20-09-24-24-Ordinance-No.-44-of-2025.pdf.pdf,data\raw\http-bdlaws-minlaw-gov-bd-act-1557-html.html,act-1557,data\full_text\act-details-1557.txt,True,,,,,,,
"স্থানীয় সরকার (সিটি কর্পোরেশন) (দ্বিতীয় সংশোধন) অধ্যাদেশ, ২০২৫",http://bdlaws.minlaw.gov.bd/act-1558.html,http://bdlaws.minlaw.gov.bd/act-details-1558.html,2025-08-28,Ordinance,http://bdlaws.minlaw.gov.bd/upload/act/2025-09-02-09-41-55-Ordinance-No.-45-of-2025.pdf,data\raw\http-bdlaws-minlaw-gov-bd-act-1558-html.html,act-1558,data\full_text\act-details-1558.txt,True,http://bdlaws.minlaw.gov.bd/act-1026.html,"স্থানীয় সরকার (সিটি কর্পোরেশন) আইন, ২০০৯",data\raw\http-bdlaws-minlaw-gov-bd-act-1026-html.html,http://bdlaws.minlaw.gov.bd/act-details-1026.html,act-1026,data\full_text\act-details-1026.txt,2009-10-15
"রাজস্ব নীতি ও রাজস্ব ব্যবস্থাপনা (সংশোধন) অধ্যাদেশ, ২০২৫",http://bdlaws.minlaw.gov.bd/act-1559.html,http://bdlaws.minlaw.gov.bd/act-details-1559.html,2025-01-09,Ordinance,http://bdlaws.minlaw.gov.bd/upload/act/2025-09-03-10-44-37-Ordinance-No.-46-of-2025.pdf,data\raw\http-bdlaws-minlaw-gov-bd-act-1559-html.html,act-1559,data\full_text\act-details-1559.txt,True,http://bdlaws.minlaw.gov.bd/act-1537.html,"রাজস্ব নীতি ও রাজস্ব ব্যবস্থাপনা অধ্যাদেশ, ২০২৫",data\raw\http-bdlaws-minlaw-gov-bd-act-1537-html.html,http://bdlaws.minlaw.gov.bd/act-details-1537.html,act-1537,data\full_text\act-details-1537.txt,2025-12-05
"স্থানীয় সরকার (ইউনিয়ন পরিষদ) (সংশোধন) অধ্যাদেশ, ২০২৫",http://bdlaws.minlaw.gov.bd/act-1560.html,http://bdlaws.minlaw.gov.bd/act-details-1560.html,2025-01-09,Ordinance,http://bdlaws.minlaw.gov.bd/upload/act/2025-09-03-10-59-32-Ordinance-No.-47-of-2025.pdf,data\raw\http-bdlaws-minlaw-gov-bd-act-1560-html.html,act-1560,data\full_text\act-details-1560.txt,True,http://bdlaws.minlaw.gov.bd/act-1027.html,"স্থানীয় সরকার (ইউনিয়ন পরিষদ) আইন, ২০০৯",data\raw\http-bdlaws-minlaw-gov-bd-act-1027-html.html,http://bdlaws.minlaw.gov.bd/act-details-1027.html,act-1027,data\full_text\act-details-1027.txt,2009-10-15
"গাজীপুর ডিজিটাল ইউনিভার্সিটি (সংশোধন) অধ্যাদেশ, ২০২৫",http://bdlaws.minlaw.gov.bd/act-1561.html,http://bdlaws.minlaw.gov.bd/act-details-1561.html,2025-01-09,Ordinance,http://bdlaws.minlaw.gov.bd/upload/act/2025-09-03-11-11-02-Ordinance-No.-48-of-2025.pdf,data\raw\http-bdlaws-minlaw-gov-bd-act-1561-html.html,act-1561,data\full_text\act-details-1561.txt,True,,,,,,,
"উপজেলা পরিষদ (সংশোধন) অধ্যাদেশ, ২০২৫",http://bdlaws.minlaw.gov.bd/act-1562.html,http://bdlaws.minlaw.gov.bd/act-details-1562.html,2025-04-09,Ordinance,http://bdlaws.minlaw.gov.bd/upload/act/2025-09-07-11-37-45-Ordinance-No.-49-of-2025.pdf,data\raw\http-bdlaws-minlaw-gov-bd-act-1562-html.html,act-1562,data\full_text\act-details-1562.txt,True,http://bdlaws.minlaw.gov.bd/act-827.html,"উপজেলা পরিষদ আইন, ১৯৯৮",data\raw\http-bdlaws-minlaw-gov-bd-act-827-html.html,http://bdlaws.minlaw.gov.bd/act-details-827.html,act-827,data\full_text\act-details-827.txt,1998-03-12
"নির্বাচন কমিশন সচিবালয় (সংশোধন) অধ্যাদেশ, ২০২৫",http://bdlaws.minlaw.gov.bd/act-1563.html,http://bdlaws.minlaw.gov.bd/act-details-1563.html,2025-05-10,Ordinance,http://bdlaws.minlaw.gov.bd/upload/act/2025-10-06-13-08-38-Ordinance-No.-50-of-2025.pdf,data\raw\http-bdlaws-minlaw-gov-bd-act-1563-html.html,act-1563,data\full_text\act-details-1563.txt,True,http://bdlaws.minlaw.gov.bd/act-1004.html,"নির্বাচন কমিশন সচিবালয় আইন, ২০০৯",data\raw\http-bdlaws-minlaw-gov-bd-act-1004-html.html,http://bdlaws.minlaw.gov.bd/act-details-1004.html,act-1004,data\full_text\act-details-1004.txt,2009-02-24
"নির্বাচন কর্মকর্তা (বিশেষ বিধান) (সংশোধন) অধ্যাদেশ, ২০২৫",http://bdlaws.minlaw.gov.bd/act-1564.html,http://bdlaws.minlaw.gov.bd/act-details-1564.html,2025-05-10,Ordinance,http://bdlaws.minlaw.gov.bd/upload/act/2025-10-06-13-19-52-Ordinance-No.-51-of-2025.pdf,data\raw\http-bdlaws-minlaw-gov-bd-act-1564-html.html,act-1564,data\full_text\act-details-1564.txt,True,http://bdlaws.minlaw.gov.bd/act-750.html,"নির্বাচন কর্মকর্তা (বিশেষ বিধান) আইন, ১৯৯১",data\raw\http-bdlaws-minlaw-gov-bd-act-750-html.html,http://bdlaws.minlaw.gov.bd/act-details-750.html,act-750,data\full_text\act-details-750.txt,1991-04-05
"অর্থ সংক্রান্ত কতিপয় আইন (দ্বিতীয় সংশোধন) অধ্যাদেশ, ২০২৫",http://bdlaws.minlaw.gov.bd/act-1565.html,http://bdlaws.minlaw.gov.bd/act-details-1565.html,2025-06-10,Ordinance,http://bdlaws.minlaw.gov.bd/upload/act/2025-10-12-10-37-22-Ordinance-No.-52-of-2025.pdf,data\raw\http-bdlaws-minlaw-gov-bd-act-1565-html.html,act-1565,data\full_text\act-details-1565.txt,True,,,,,,,
"International Crimes (Tribunals) (Third Amendment) Ordinance, 2025",http://bdlaws.minlaw.gov.bd/act-1566.html,http://bdlaws.minlaw.gov.bd/act-details-1566.html,2025-06-10,Ordinance,http://bdlaws.minlaw.gov.bd/upload/act/2025-10-12-10-52-10-Ordinance-No.-53-of-2025.pdf,data\raw\http-bdlaws-minlaw-gov-bd-act-1566-html.html,act-1566,data\full_text\act-details-1566.txt,True,http://bdlaws.minlaw.gov.bd/act-435.html,"The International Crimes (Tribunals) Act, 1973",data\raw\http-bdlaws-minlaw-gov-bd-act-435-html.html,http://bdlaws.minlaw.gov.bd/act-details-435.html,act-435,data\full_text\act-details-435.txt,1973-07-20
"সাইবার সুরক্ষা (সংশোধন) অধ্যাদেশ, ২০২৫",http://bdlaws.minlaw.gov.bd/act-1567.html,http://bdlaws.minlaw.gov.bd/act-details-1567.html,2025-10-22,Ordinance,http://bdlaws.minlaw.gov.bd/upload/act/2025-10-27-10-45-37-Ordinance-No.-54-of-2025.pdf,data\raw\http-bdlaws-minlaw-gov-bd-act-1567-html.html,act-1567,data\full_text\act-details-1567.txt,True,http://bdlaws.minlaw.gov.bd/act-1538.html,"সাইবার সুরক্ষা অধ্যাদেশ, ২০২৫",data\raw\http-bdlaws-minlaw-gov-bd-act-1538-html.html,http://bdlaws.minlaw.gov.bd/act-details-1538.html,act-1538,data\full_text\act-details-1538.txt,2025-05-21
"Civil Courts (Amendment) Ordinance, 2025",http://bdlaws.minlaw.gov.bd/act-1568.html,http://bdlaws.minlaw.gov.bd/act-details-1568.html,2025-02-11,Ordinance,http://bdlaws.minlaw.gov.bd/upload/act/2025-11-04-11-30-51-59119_90592.pdf,data\raw\http-bdlaws-minlaw-gov-bd-act-1568-html.html,act-1568,data\full_text\act-details-1568.txt,True,http://bdlaws.minlaw.gov.bd/act-59.html,"The Civil Courts Act, 1887",data\raw\http-bdlaws-minlaw-gov-bd-act-59-html.html,http://bdlaws.minlaw.gov.bd/act-details-59.html,act-59,data\full_text\act-details-59.txt,1887-11-03
"Representation of the People (Amendment) Ordinance, 2025",http://bdlaws.minlaw.gov.bd/act-1569.html,http://bdlaws.minlaw.gov.bd/act-details-1569.html,2025-03-11,Ordinance,http://bdlaws.minlaw.gov.bd/upload/act/2025-11-05-14-20-42-Ordinance-No.-56-of-2025.pdf,data\raw\http-bdlaws-minlaw-gov-bd-act-1569-html.html,act-1569,data\full_text\act-details-1569.txt,True,http://bdlaws.minlaw.gov.bd/act-424.html,"The Representation of the People Order, 1972 (President's Order)",data\raw\http-bdlaws-minlaw-gov-bd-act-424-html.html,http://bdlaws.minlaw.gov.bd/act-details-424.html,act-424,data\full_text\act-details-424.txt,1972-12-26
"মূল্য সংযোজন কর ও সম্পূরক শুল্ক (দ্বিতীয় সংশোধন) অধ্যাদেশ, ২০২৫",http://bdlaws.minlaw.gov.bd/act-1570.html,http://bdlaws.minlaw.gov.bd/act-details-1570.html,2025-05-11,Ordinance,http://bdlaws.minlaw.gov.bd/upload/act/2025-11-12-15-28-39-Ordinance-No.-57-of-2025.pdf,data\raw\http-bdlaws-minlaw-gov-bd-act-1570-html.html,act-1570,data\full_text\act-details-1570.txt,True,http://bdlaws.minlaw.gov.bd/act-1106.html,"মূল্য সংযোজন কর ও সম্পূরক শুল্ক আইন, ২০১২",data\raw\http-bdlaws-minlaw-gov-bd-act-1106-html.html,http://bdlaws.minlaw.gov.bd/act-details-1106.html,act-1106,data\full_text\act-details-1106.txt,2012-10-12
"কাস্টমস (সংশোধন) অধ্যাদেশ, ২০২৫",http://bdlaws.minlaw.gov.bd/act-1571.html,http://bdlaws.minlaw.gov.bd/act-details-1571.html,2025-05-11,Ordinance,http://bdlaws.minlaw.gov.bd/upload/act/2025-11-12-16-34-29-Ordinance-No.-58-of-2025.pdf,data\raw\http-bdlaws-minlaw-gov-bd-act-1571-html.html,act-1571,data\full_text\act-details-1571.txt,True,http://bdlaws.minlaw.gov.bd/act-1476.html,"কাস্টমস আইন, ২০২৩",data\raw\http-bdlaws-minlaw-gov-bd-act-1476-html.html,http://bdlaws.minlaw.gov.bd/act-details-1476.html,act-1476,data\full_text\act-details-1476.txt,2023-11-13
"আয়কর (সংশোধন) অধ্যাদেশ, ২০২৫",http://bdlaws.minlaw.gov.bd/act-1572.html,http://bdlaws.minlaw.gov.bd/act-details-1572.html,2025-06-11,Ordinance,http://bdlaws.minlaw.gov.bd/upload/act/2025-11-13-11-46-07-Ordinance-No.-59-of-2025.pdf,data\raw\http-bdlaws-minlaw-gov-bd-act-1572-html.html,act-1572,data\full_text\act-details-1572.txt,True,http://bdlaws.minlaw.gov.bd/act-1429.html,"আয়কর আইন, ২০২৩",data\raw\http-bdlaws-minlaw-gov-bd-act-1429-html.html,http://bdlaws.minlaw.gov.bd/act-details-1429.html,act-1429,data\full_text\act-details-1429.txt,2023-06-22
"জাতীয় উপাত্ত ব্যবস্থাপনা অধ্যাদেশ, ২০২৫",http://bdlaws.minlaw.gov.bd/act-1573.html,http://bdlaws.minlaw.gov.bd/act-details-1573.html,2025-06-11,Ordinance,http://bdlaws.minlaw.gov.bd/upload/act/2025-11-16-09-27-17-Schedule.pdf,data\raw\http-bdlaws-minlaw-gov-bd-act-1573-html.html,act-1573,data\full_text\act-details-1573.txt,False,,,,,,,
"ব্যক্তিগত উপাত্ত সুরক্ষা অধ্যাদেশ, ২০২৫",http://bdlaws.minlaw.gov.bd/act-1574.html,http://bdlaws.minlaw.gov.bd/act-details-1574.html,2025-06-11,Ordinance,http://bdlaws.minlaw.gov.bd/upload/act/2025-11-16-13-56-48-Schedule.pdf,data\raw\http-bdlaws-minlaw-gov-bd-act-1574-html.html,act-1574,data\full_text\act-details-1574.txt,False,,,,,,,
"জাতীয় মানবাধিকার কমিশন অধ্যাদেশ, ২০২৫",http://bdlaws.minlaw.gov.bd/act-1575.html,http://bdlaws.minlaw.gov.bd/act-details-1575.html,2025-09-11,Ordinance,http://bdlaws.minlaw.gov.bd/upload/act/2025-11-17-09-28-13-Ordinance-No.-62-of-2025.pdf,data\raw\http-bdlaws-minlaw-gov-bd-act-1575-html.html,act-1575,data\full_text\act-details-1575.txt,False,,,,,,,
"জুলাই গণঅভ্যুত্থান স্মৃতি জাদুঘর অধ্যাদেশ, ২০২৫",http://bdlaws.minlaw.gov.bd/act-1576.html,http://bdlaws.minlaw.gov.bd/act-details-1576.html,2025-11-13,Ordinance,http://bdlaws.minlaw.gov.bd/upload/act/2025-11-17-11-11-01-Ordinance-No.-63-of-2025.pdf,data\raw\http-bdlaws-minlaw-gov-bd-act-1576-html.html,act-1576,data\full_text\act-details-1576.txt,False,,,,,,,
"আমানত সুরক্ষা অধ্যাদেশ, ২০২৫",http://bdlaws.minlaw.gov.bd/act-1577.html,http://bdlaws.minlaw.gov.bd/act-details-1577.html,2025-11-13,Ordinance,http://bdlaws.minlaw.gov.bd/upload/act/2025-11-17-13-46-01-Ordinance-No.-64-of-2025.pdf,data\raw\http-bdlaws-minlaw-gov-bd-act-1577-html.html,act-1577,data\full_text\act-details-1577.txt,False,,,,,,,
"বাংলাদেশ শ্রম (সংশোধন) অধ্যাদেশ ,২০২৫",http://bdlaws.minlaw.gov.bd/act-1578.html,http://bdlaws.minlaw.gov.bd/act-details-1578.html,2025-11-17,Ordinance,http://bdlaws.minlaw.gov.bd/upload/act/2025-11-26-14-12-55-Schedule.pdf,data\raw\http-bdlaws-minlaw-gov-bd-act-1578-html.html,act-1578,data\full_text\act-details-1578.txt,True,http://bdlaws.minlaw.gov.bd/act-952.html,"বাংলাদেশ শ্রম আইন, ২০০৬",data\raw\http-bdlaws-minlaw-gov-bd-act-952-html.html,http://bdlaws.minlaw.gov.bd/act-details-952.html,act-952,data\full_text\act-details-952.txt,2006-11-10
"মানবদেহে অঙ্গ-প্রত্যঙ্গ সংযোজন অধ্যাদেশ, ২০২৫",http://bdlaws.minlaw.gov.bd/act-1579.html,http://bdlaws.minlaw.gov.bd/act-details-1579.html,2025-11-19,Ordinance,http://bdlaws.minlaw.gov.bd/upload/act/2025-11-22-15-00-47-Ordinance-No.-66-of-2025.pdf,data\raw\http-bdlaws-minlaw-gov-bd-act-1579-html.html,act-1579,data\full_text\act-details-1579.txt,False,,,,,,,
"গণভোট অধ্যাদেশ, ২০২৫",http://bdlaws.minlaw.gov.bd/act-1580.html,http://bdlaws.minlaw.gov.bd/act-details-1580.html,2025-11-25,Ordinance,http://bdlaws.minlaw.gov.bd/upload/act/2025-11-26-16-09-57-তফসিল.pdf,data\raw\http-bdlaws-minlaw-gov-bd-act-1580-html.html,act-1580,data\full_text\act-details-1580.txt,False,,,,,,,
"বরিশাল উন্নয়ন কর্তৃপক্ষ অধ্যাদেশ, ২০২৫",http://bdlaws.minlaw.gov.bd/act-1581.html,http://bdlaws.minlaw.gov.bd/act-details-1581.html,2025-11-26,Ordinance,http://bdlaws.minlaw.gov.bd/upload/act/2025-11-27-14-20-18-Ordinance-No.-68-of-2025.pdf,data\raw\http-bdlaws-minlaw-gov-bd-act-1581-html.html,act-1581,data\full_text\act-details-1581.txt,False,,,,,,,
"ময়মনসিংহ উন্নয়ন কর্তৃপক্ষ অধ্যাদেশ, ২০২৫",http://bdlaws.minlaw.gov.bd/act-1582.html,http://bdlaws.minlaw.gov.bd/act-details-1582.html,2025-11-26,Ordinance,http://bdlaws.minlaw.gov.bd/upload/act/2025-11-30-15-40-27-Ordinance-No.-69-of-2025.pdf,data\raw\http-bdlaws-minlaw-gov-bd-act-1582-html.html,act-1582,data\full_text\act-details-1582.txt,False,,,,,,,
"রংপুর উন্নয়ন কর্তৃপক্ষ অধ্যাদেশ, ২০২৫",http://bdlaws.minlaw.gov.bd/act-1583.html,http://bdlaws.minlaw.gov.bd/act-details-1583.html,2025-11-26,Ordinance,,data\raw\http-bdlaws-minlaw-gov-bd-act-1583-html.html,act-1583,data\full_text\act-details-1583.txt,False,,,,,,,
"স্থানিক পরিকল্পনা অধ্যাদেশ, ২০২৫",http://bdlaws.minlaw.gov.bd/act-1584.html,http://bdlaws.minlaw.gov.bd/act-details-1584.html,2025-11-26,Ordinance,,data\raw\http-bdlaws-minlaw-gov-bd-act-1584-html.html,act-1584,data\full_text\act-details-1584.txt,False,,,,,,,
"সুপ্রীম কোর্ট সচিবালয় অধ্যাদেশ, ২০২৫",http://bdlaws.minlaw.gov.bd/act-1585.html,http://bdlaws.minlaw.gov.bd/act-details-1585.html,2025-11-30,Ordinance,,data\raw\http-bdlaws-minlaw-gov-bd-act-1585-html.html,act-1585,data\full_text\act-details-1585.txt,False,,,,,,,
"গুম প্রতিরোধ ও প্রতিকার অধ্যাদেশ, ২০২৫",http://bdlaws.minlaw.gov.bd/act-1586.html,http://bdlaws.minlaw.gov.bd/act-details-1586.html,2025-01-12,Ordinance,http://bdlaws.minlaw.gov.bd/upload/act/2025-12-02-16-25-47-Ordinance-No.-73-of-2025.pdf,data\raw\http-bdlaws-minlaw-gov-bd-act-1586-html.html,act-1586,data\full_text\act-details-1586.txt,False,,,,,,,
"জাতীয় মানবাধিকার কমিশন (সংশোধন) অধ্যাদেশ, ২০২৫",http://bdlaws.minlaw.gov.bd/act-1587.html,http://bdlaws.minlaw.gov.bd/act-details-1587.html,2025-08-12,Ordinance,http://bdlaws.minlaw.gov.bd/upload/act/2025-12-09-13-18-35-Ordinance-No.-74-of-2025.pdf,data\raw\http-bdlaws-minlaw-gov-bd-act-1587-html.html,act-1587,data\full_text\act-details-1587.txt,True,http://bdlaws.minlaw.gov.bd/act-1575.html,"জাতীয় মানবাধিকার কমিশন অধ্যাদেশ, ২০২৫",data\raw\http-bdlaws-minlaw-gov-bd-act-1575-html.html,http://bdlaws.minlaw.gov.bd/act-details-1575.html,act-1575,data\full_text\act-details-1575.txt,2025-09-11
"Representation of the People Order (Second Amendment) Ordinance, 2025",http://bdlaws.minlaw.gov.bd/act-1588.html,http://bdlaws.minlaw.gov.bd/act-details-1588.html,2025-08-12,Ordinance,http://bdlaws.minlaw.gov.bd/upload/act/2025-12-09-15-03-40-Ordinance-No.-75-of-2025.pdf,data\raw\http-bdlaws-minlaw-gov-bd-act-1588-html.html,act-1588,data\full_text\act-details-1588.txt,True,http://bdlaws.minlaw.gov.bd/act-424.html,"The Representation of the People Order, 1972 (President's Order)",data\raw\http-bdlaws-minlaw-gov-bd-act-424-html.html,http://bdlaws.minlaw.gov.bd/act-details-424.html,act-424,data\full_text\act-details-424.txt,1972-12-26
"পুলিশ কমিশন অধ্যাদেশ, ২০২৫",http://bdlaws.minlaw.gov.bd/act-1589.html,http://bdlaws.minlaw.gov.bd/act-details-1589.html,2025-09-12,Ordinance,http://bdlaws.minlaw.gov.bd/upload/act/2025-12-10-11-59-55-Ordinance-No.-76-of-2025.pdf,data\raw\http-bdlaws-minlaw-gov-bd-act-1589-html.html,act-1589,data\full_text\act-details-1589.txt,False,,,,,,,
"বৈদেশিক অনুদান (স্বেচ্ছাসেবামূলক কার্যক্রম) রেগুলেশন (সংশোধন) অধ্যাদেশ, ২০২৫",http://bdlaws.minlaw.gov.bd/act-1590.html,http://bdlaws.minlaw.gov.bd/act-details-1590.html,2025-11-12,Ordinance,http://bdlaws.minlaw.gov.bd/upload/act/2025-12-14-09-54-02-Ordinance-No.-77-of-2025.pdf,data\raw\http-bdlaws-minlaw-gov-bd-act-1590-html.html,act-1590,data\full_text\act-details-1590.txt,True,http://bdlaws.minlaw.gov.bd/act-1197.html,"বৈদেশিক অনুদান (স্বেচ্ছাসেবামূলক কার্যক্রম) রেগুলেশন আইন, ২০১৬",data\raw\http-bdlaws-minlaw-gov-bd-act-1197-html.html,http://bdlaws.minlaw.gov.bd/act-details-1197.html,act-1197,data\full_text\act-details-1197.txt,2016-10-13
"সরকারি, স্বায়ত্তশাসিত, আধা-স্বায়ত্তশাসিত, সংবিধিবদ্ধ সরকারি কর্তৃপক্ষ, পাবলিক নন-ফাইন্যানসিয়াল কর্পোরেশনসহ স্ব-শাসিত সংস্থাসমূহে সরাসরি নিয়োগের ক্ষেত্রে সর্বোচ্চ বয়সসীমা নির্ধারণ (সংশোধন) অধ্যাদেশ, ২০২৫",http://bdlaws.minlaw.gov.bd/act-1591.html,http://bdlaws.minlaw.gov.bd/act-details-1591.html,2025-12-22,Ordinance,http://bdlaws.minlaw.gov.bd/upload/act/2025-12-23-10-31-41-Ordinance-No.-78-of-2025.pdf,data\raw\http-bdlaws-minlaw-gov-bd-act-1591-html.html,act-1591,data\full_text\act-details-1591.txt,True,,,,,,,
"দুর্নীতি দমন কমিশন (সংশোধন) অধ্যাদেশ, ২০২৫",http://bdlaws.minlaw.gov.bd/act-1592.html,http://bdlaws.minlaw.gov.bd/act-details-1592.html,2025-12-23,Ordinance,http://bdlaws.minlaw.gov.bd/upload/act/2025-12-28-11-21-12-Ordinance-No.-79-of-2025.pdf,data\raw\http-bdlaws-minlaw-gov-bd-act-1592-html.html,act-1592,data\full_text\act-details-1592.txt,True,http://bdlaws.minlaw.gov.bd/act-914.html,"দুর্নীতি দমন কমিশন আইন, ২০০৪",data\raw\http-bdlaws-minlaw-gov-bd-act-914-html.html,http://bdlaws.minlaw.gov.bd/act-details-914.html,act-914,data\full_text\act-details-914.txt,2004-02-23
"ধূমপান ও তামাকজাত দ্রব্য ব্যবহার (নিয়ন্ত্রণ) (সংশোধন) অধ্যাদেশ, ২০২৫",http://bdlaws.minlaw.gov.bd/act-1593.html,http://bdlaws.minlaw.gov.bd/act-details-1593.html,2025-12-30,Ordinance,http://bdlaws.minlaw.gov.bd/upload/act/2026-01-01-15-38-12-Ordinance-No.-80-of-2025.pdf,data\raw\http-bdlaws-minlaw-gov-bd-act-1593-html.html,act-1593,data\full_text\act-details-1593.txt,True,http://bdlaws.minlaw.gov.bd/act-506.html,"The Bidi Manufacture (Prohibition) Ordinance, 1975",data\raw\http-bdlaws-minlaw-gov-bd-act-506-html.html,http://bdlaws.minlaw.gov.bd/act-details-506.html,act-506,data\full_text\act-details-506.txt,1975-12-20
"বাণিজ্যিক আদালত অধ্যাদেশ, ২০২৬",http://bdlaws.minlaw.gov.bd/act-1594.html,http://bdlaws.minlaw.gov.bd/act-details-1594.html,2026-01-01,Ordinance,http://bdlaws.minlaw.gov.bd/upload/act/2026-01-04-09-41-28-Ordinance-No.-1-of-2026.pdf,data\raw\http-bdlaws-minlaw-gov-bd-act-1594-html.html,act-1594,data\full_text\act-details-1594.txt,False,,,,,,,
"বেসামরিক বিমান চলাচল (সংশোধন) অধ্যাদেশ, ২০২৬",http://bdlaws.minlaw.gov.bd/act-1595.html,http://bdlaws.minlaw.gov.bd/act-details-1595.html,2026-01-01,Ordinance,http://bdlaws.minlaw.gov.bd/upload/act/2026-01-04-11-42-57-Ordinance-No.-2-of-2026.pdf,data\raw\http-bdlaws-minlaw-gov-bd-act-1595-html.html,act-1595,data\full_text\act-details-1595.txt,True,http://bdlaws.minlaw.gov.bd/act-1218.html,"বেসামরিক বিমান চলাচল আইন, ২০১৭",data\raw\http-bdlaws-minlaw-gov-bd-act-1218-html.html,http://bdlaws.minlaw.gov.bd/act-details-1218.html,act-1218,data\full_text\act-details-1218.txt,2017-07-19
"বাংলাদেশ ট্রাভেল এজেন্সি (নিবন্ধন ও নিয়ন্ত্রণ) (সংশোধন) অধ্যাদেশ, ২০২৬",http://bdlaws.minlaw.gov.bd/act-1596.html,http://bdlaws.minlaw.gov.bd/act-details-1596.html,2026-01-01,Ordinance,http://bdlaws.minlaw.gov.bd/upload/act/2026-01-05-09-34-55-Ordinance-No.-3-of-2026.pdf,data\raw\http-bdlaws-minlaw-gov-bd-act-1596-html.html,act-1596,data\full_text\act-details-1596.txt,True,http://bdlaws.minlaw.gov.bd/act-1141.html,"বাংলাদেশ ট্রাভেল এজেন্সি (নিবন্ধন ও নিয়ন্ত্রণ) আইন, ২০১৩",data\raw\http-bdlaws-minlaw-gov-bd-act-1141-html.html,http://bdlaws.minlaw.gov.bd/act-details-1141.html,act-1141,data\full_text\act-details-1141.txt,2013-11-27
"Registration (Amendment) Ordinance, 2026",http://bdlaws.minlaw.gov.bd/act-1597.html,http://bdlaws.minlaw.gov.bd/act-details-1597.html,2026-01-01,Ordinance,,data\raw\http-bdlaws-minlaw-gov-bd-act-1597-html.html,act-1597,data\full_text\act-details-1597.txt,True,http://bdlaws.minlaw.gov.bd/act-90.html,"The Registration Act, 1908",data\raw\http-bdlaws-minlaw-gov-bd-act-90-html.html,http://bdlaws.minlaw.gov.bd/act-details-90.html,act-90,data\full_text\act-details-90.txt,1908-12-18
"মানব পাচার ও অভিবাসী চোরাচালান প্রতিরোধ ও দমন অধ্যাদেশ, ২০২৬",http://bdlaws.minlaw.gov.bd/act-1598.html,http://bdlaws.minlaw.gov.bd/act-details-1598.html,2026-06-01,Ordinance,http://bdlaws.minlaw.gov.bd/upload/act/2026-01-08-11-09-45-Ordinance-No.-05-of-2026.pdf,data\raw\http-bdlaws-minlaw-gov-bd-act-1598-html.html,act-1598,data\full_text\act-details-1598.txt,False,,,,,,,
"গুম প্রতিরোধ ও প্রতিকার (সংশোধন) অধ্যাদেশ, ২০২৬",http://bdlaws.minlaw.gov.bd/act-1599.html,http://bdlaws.minlaw.gov.bd/act-details-1599.html,2026-06-01,Ordinance,http://bdlaws.minlaw.gov.bd/upload/act/2026-01-08-12-53-15-Ordinance-No.-06-of-2026.pdf,data\raw\http-bdlaws-minlaw-gov-bd-act-1599-html.html,act-1599,data\full_text\act-details-1599.txt,True,http://bdlaws.minlaw.gov.bd/act-1586.html,"গুম প্রতিরোধ ও প্রতিকার অধ্যাদেশ, ২০২৫",data\raw\http-bdlaws-minlaw-gov-bd-act-1586-html.html,http://bdlaws.minlaw.gov.bd/act-details-1586.html,act-1586,data\full_text\act-details-1586.txt,2025-01-12
"আইনগত সহায়তা প্রদান (দ্বিতীয় সংশোধন) অধ্যাদেশ, ২০২৬",http://bdlaws.minlaw.gov.bd/act-1600.html,http://bdlaws.minlaw.gov.bd/act-details-1600.html,2026-07-01,Ordinance,http://bdlaws.minlaw.gov.bd/upload/act/2026-01-13-12-18-44-Ordinance-No.-7-of-2026.pdf,data\raw\http-bdlaws-minlaw-gov-bd-act-1600-html.html,act-1600,data\full_text\act-details-1600.txt,True,http://bdlaws.minlaw.gov.bd/act-834.html,"আইনগত সহায়তা প্রদান আইন, ২০০০",data\raw\http-bdlaws-minlaw-gov-bd-act-834-html.html,http://bdlaws.minlaw.gov.bd/act-details-834.html,act-834,data\full_text\act-details-834.txt,
"বন ও বৃক্ষ সংরক্ষণ অধ্যাদেশ, ২০২৬",http://bdlaws.minlaw.gov.bd/act-1601.html,http://bdlaws.minlaw.gov.bd/act-details-1601.html,2026-06-01,Ordinance,http://bdlaws.minlaw.gov.bd/upload/act/2026-01-11-12-44-15-ফরম.pdf,data\raw\http-bdlaws-minlaw-gov-bd-act-1601-html.html,act-1601,data\full_text\act-details-1601.txt,False,,,,,,,
"বন্যপ্রাণী (সংরক্ষণ ও নিরাপত্তা) অধ্যাদেশ, ২০২৬",http://bdlaws.minlaw.gov.bd/act-1602.html,http://bdlaws.minlaw.gov.bd/act-details-1602.html,2026-07-01,Ordinance,http://bdlaws.minlaw.gov.bd/upload/act/2026-01-12-09-51-46-তফসিল_1602.pdf,data\raw\http-bdlaws-minlaw-gov-bd-act-1602-html.html,act-1602,data\full_text\act-details-1602.txt,False,,,,,,,
"বাংলাদেশ বিল্ডিং রেগুলেটরি কর্তৃপক্ষ অধ্যাদেশ, ২০২৬",http://bdlaws.minlaw.gov.bd/act-1603.html,http://bdlaws.minlaw.gov.bd/act-details-1603.html,2026-01-14,Ordinance,http://bdlaws.minlaw.gov.bd/upload/act/2026-01-15-15-17-28-Ordinance-No.-10-of-2026.pdf,data\raw\http-bdlaws-minlaw-gov-bd-act-1603-html.html,act-1603,data\full_text\act-details-1603.txt,False,,,,,,,
"বাংলাদেশ হাওর ও জলাভূমি সংরক্ষণ অধ্যাদেশ, ২০২৬",http://bdlaws.minlaw.gov.bd/act-1604.html,http://bdlaws.minlaw.gov.bd/act-details-1604.html,2026-01-14,Ordinance,http://bdlaws.minlaw.gov.bd/upload/act/2026-01-18-10-51-10-Schedule_1604.pdf,data\raw\http-bdlaws-minlaw-gov-bd-act-1604-html.html,act-1604,data\full_text\act-details-1604.txt,False,,,,,,,
"ভূমি ব্যবহার নিয়ন্ত্রণ ও কৃষিভূমি সুরক্ষা অধ্যাদেশ, ২০২৬",http://bdlaws.minlaw.gov.bd/act-1605.html,http://bdlaws.minlaw.gov.bd/act-details-1605.html,2026-01-19,Ordinance,http://bdlaws.minlaw.gov.bd/upload/act/2026-01-22-11-01-53-Schedule_1605.pdf,data\raw\http-bdlaws-minlaw-gov-bd-act-1605-html.html,act-1605,data\full_text\act-details-1605.txt,False,,,,,,,
"রাজধানী উন্নয়ন কর্তৃপক্ষ অধ্যাদেশ, ২০২৬",http://bdlaws.minlaw.gov.bd/act-1606.html,http://bdlaws.minlaw.gov.bd/act-details-1606.html,2026-01-19,Ordinance,http://bdlaws.minlaw.gov.bd/upload/act/2026-01-22-11-55-41-Ordinance-No.-13-of-2026.pdf,data\raw\http-bdlaws-minlaw-gov-bd-act-1606-html.html,act-1606,data\full_text\act-details-1606.txt,False,,,,,,,
"বরিশাল উন্নয়ন কর্তৃপক্ষ (সংশোধন) অধ্যাদেশ, ২০২৬",http://bdlaws.minlaw.gov.bd/act-1607.html,http://bdlaws.minlaw.gov.bd/act-details-1607.html,2026-01-19,Ordinance,http://bdlaws.minlaw.gov.bd/upload/act/2026-01-22-13-38-49-Ordinance-No.-14-of-2026.pdf,data\raw\http-bdlaws-minlaw-gov-bd-act-1607-html.html,act-1607,data\full_text\act-details-1607.txt,True,http://bdlaws.minlaw.gov.bd/act-1581.html,"বরিশাল উন্নয়ন কর্তৃপক্ষ অধ্যাদেশ, ২০২৫",data\raw\http-bdlaws-minlaw-gov-bd-act-1581-html.html,http://bdlaws.minlaw.gov.bd/act-details-1581.html,act-1581,data\full_text\act-details-1581.txt,2025-11-26
"ময়মনসিংহ উন্নয়ন কর্তৃপক্ষ (সংশোধন) অধ্যাদেশ, ২০২৬",http://bdlaws.minlaw.gov.bd/act-1608.html,http://bdlaws.minlaw.gov.bd/act-details-1608.html,2026-01-19,Ordinance,http://bdlaws.minlaw.gov.bd/upload/act/2026-01-22-13-43-14-Ordinance-No.-15-of-2026.pdf,data\raw\http-bdlaws-minlaw-gov-bd-act-1608-html.html,act-1608,data\full_text\act-details-1608.txt,True,http://bdlaws.minlaw.gov.bd/act-1582.html,"ময়মনসিংহ উন্নয়ন কর্তৃপক্ষ অধ্যাদেশ, ২০২৫",data\raw\http-bdlaws-minlaw-gov-bd-act-1582-html.html,http://bdlaws.minlaw.gov.bd/act-details-1582.html,act-1582,data\full_text\act-details-1582.txt,2025-11-26
"রংপুর উন্নয়ন কর্তৃপক্ষ (সংশোধন) অধ্যাদেশ, ২০২৬",http://bdlaws.minlaw.gov.bd/act-1609.html,http://bdlaws.minlaw.gov.bd/act-details-1609.html,2026-01-19,Ordinance,http://bdlaws.minlaw.gov.bd/upload/act/2026-01-22-13-47-36-Ordinance-No.-16-of-2026.pdf,data\raw\http-bdlaws-minlaw-gov-bd-act-1609-html.html,act-1609,data\full_text\act-details-1609.txt,True,http://bdlaws.minlaw.gov.bd/act-1583.html,"রংপুর উন্নয়ন কর্তৃপক্ষ অধ্যাদেশ, ২০২৫",data\raw\http-bdlaws-minlaw-gov-bd-act-1583-html.html,http://bdlaws.minlaw.gov.bd/act-details-1583.html,act-1583,data\full_text\act-details-1583.txt,2025-11-26
"সুপ্রীম কোর্ট সচিবালয় (সংশোধন) অধ্যাদেশ, ২০২৬",http://bdlaws.minlaw.gov.bd/act-1610.html,http://bdlaws.minlaw.gov.bd/act-details-1610.html,2026-01-25,Ordinance,http://bdlaws.minlaw.gov.bd/upload/act/2026-01-26-09-46-43-Ordinance-No.-17-of-2026.pdf,data\raw\http-bdlaws-minlaw-gov-bd-act-1610-html.html,act-1610,data\full_text\act-details-1610.txt,True,http://bdlaws.minlaw.gov.bd/act-1585.html,"সুপ্রীম কোর্ট সচিবালয় অধ্যাদেশ, ২০২৫",data\raw\http-bdlaws-minlaw-gov-bd-act-1585-html.html,http://bdlaws.minlaw.gov.bd/act-details-1585.html,act-1585,data\full_text\act-details-1585.txt,2025-11-30
"জুলাই গণঅভ্যুত্থান (সুরক্ষা ও দায় নির্ধারণ) অধ্যাদেশ, ২০২৬",http://bdlaws.minlaw.gov.bd/act-1611.html,http://bdlaws.minlaw.gov.bd/act-details-1611.html,2026-01-25,Ordinance,,data\raw\http-bdlaws-minlaw-gov-bd-act-1611-html.html,act-1611,data\full_text\act-details-1611.txt,False,,,,,,,
"মাইক্রোফাইন্যান্স ব্যাংক অধ্যাদেশ, ২০২৬",http://bdlaws.minlaw.gov.bd/act-1612.html,http://bdlaws.minlaw.gov.bd/act-details-1612.html,2026-01-28,Ordinance,http://bdlaws.minlaw.gov.bd/upload/act/2026-01-29-09-49-29-Ordinance-No.19-of-2026.pdf,data\raw\http-bdlaws-minlaw-gov-bd-act-1612-html.html,act-1612,data\full_text\act-details-1612.txt,False,,,,,,,
"বাংলাদেশ বেসরকারি রপ্তানী প্রক্রিয়াকরণ অঞ্চল (রহিতকরণ) অধ্যাদেশ, ২০২৬",http://bdlaws.minlaw.gov.bd/act-1613.html,http://bdlaws.minlaw.gov.bd/act-details-1613.html,2026-02-02,Ordinance,http://bdlaws.minlaw.gov.bd/upload/act/2026-02-03-09-56-05-Ordinance-No.-20-of-2026.pdf,data\raw\http-bdlaws-minlaw-gov-bd-act-1613-html.html,act-1613,data\full_text\act-details-1613.txt,False,,,,,,,
"Protection and Conservation of Fish (Amendment) Ordinance, 2026",http://bdlaws.minlaw.gov.bd/act-1614.html,http://bdlaws.minlaw.gov.bd/act-details-1614.html,2026-02-02,Ordinance,http://bdlaws.minlaw.gov.bd/upload/act/2026-02-03-10-02-21-Ordinance-No.-21-of-2026.pdf,data\raw\http-bdlaws-minlaw-gov-bd-act-1614-html.html,act-1614,data\full_text\act-details-1614.txt,True,http://bdlaws.minlaw.gov.bd/act-233.html,"The Protection and Conservation of Fish Act, 1950 (East Bengal Act)",data\raw\http-bdlaws-minlaw-gov-bd-act-233-html.html,http://bdlaws.minlaw.gov.bd/act-details-233.html,act-233,data\full_text\act-details-233.txt,1950-05-18
"বাংলাদেশ শিল্পকলা একাডেমি (সংশোধন) অধ্যাদেশ, ২০২৬",http://bdlaws.minlaw.gov.bd/act-1615.html,http://bdlaws.minlaw.gov.bd/act-details-1615.html,2026-03-02,Ordinance,http://bdlaws.minlaw.gov.bd/upload/act/2026-02-05-10-33-41-Ordinance-No.-22-of-2026.pdf,data\raw\http-bdlaws-minlaw-gov-bd-act-1615-html.html,act-1615,data\full_text\act-details-1615.txt,True,,,,,,,
"ব্যক্তিগত উপাত্ত সুরক্ষা (সংশোধন) অধ্যাদেশ, ২০২৬",http://bdlaws.minlaw.gov.bd/act-1616.html,http://bdlaws.minlaw.gov.bd/act-details-1616.html,2026-05-02,Ordinance,http://bdlaws.minlaw.gov.bd/upload/act/2026-02-08-10-18-48-Ordinance-No.-23-of-2026.pdf,data\raw\http-bdlaws-minlaw-gov-bd-act-1616-html.html,act-1616,data\full_text\act-details-1616.txt,True,http://bdlaws.minlaw.gov.bd/act-1574.html,"ব্যক্তিগত উপাত্ত সুরক্ষা অধ্যাদেশ, ২০২৫",data\raw\http-bdlaws-minlaw-gov-bd-act-1574-html.html,http://bdlaws.minlaw.gov.bd/act-details-1574.html,act-1574,data\full_text\act-details-1574.txt,2025-06-11
"Registration (Second Amendment) Ordinance, 2026",http://bdlaws.minlaw.gov.bd/act-1617.html,http://bdlaws.minlaw.gov.bd/act-details-1617.html,2026-05-02,Ordinance,http://bdlaws.minlaw.gov.bd/upload/act/2026-02-08-10-32-26-Ordinance-No.-24-of-2026.pdf,data\raw\http-bdlaws-minlaw-gov-bd-act-1617-html.html,act-1617,data\full_text\act-details-1617.txt,True,http://bdlaws.minlaw.gov.bd/act-90.html,"The Registration Act, 1908",data\raw\http-bdlaws-minlaw-gov-bd-act-90-html.html,http://bdlaws.minlaw.gov.bd/act-details-90.html,act-90,data\full_text\act-details-90.txt,1908-12-18
"বাংলাদেশ টেলিযোগাযোগ নিয়ন্ত্রণ (সংশোধন) অধ্যাদেশ, ২০২৬",http://bdlaws.minlaw.gov.bd/act-1618.html,http://bdlaws.minlaw.gov.bd/act-details-1618.html,2026-05-02,Ordinance,http://bdlaws.minlaw.gov.bd/upload/act/2026-02-10-10-05-37-Ordinance-No.-25-of-2026.pdf,data\raw\http-bdlaws-minlaw-gov-bd-act-1618-html.html,act-1618,data\full_text\act-details-1618.txt,True,http://bdlaws.minlaw.gov.bd/act-857.html,"বাংলাদেশ টেলিযোগাযোগ নিয়ন্ত্রণ আইন, ২০০১",data\raw\http-bdlaws-minlaw-gov-bd-act-857-html.html,http://bdlaws.minlaw.gov.bd/act-details-857.html,act-857,data\full_text\act-details-857.txt,2026-04-16
"ঢাকা সেন্ট্রাল ইউনিভার্সিটি অধ্যাদেশ, ২০২৬",http://bdlaws.minlaw.gov.bd/act-1619.html,http://bdlaws.minlaw.gov.bd/act-details-1619.html,2026-08-02,Ordinance,http://bdlaws.minlaw.gov.bd/upload/act/2026-02-09-16-35-09-তফসিল_1619.pdf,data\raw\http-bdlaws-minlaw-gov-bd-act-1619-html.html,act-1619,data\full_text\act-details-1619.txt,False,,,,,,,
"বেসরকারী শিক্ষা প্রতিষ্ঠান শিক্ষক ও কর্মচারী অবসর সুবিধা (সংশোধন) অধ্যাদেশ, ২০২৬",http://bdlaws.minlaw.gov.bd/act-1620.html,http://bdlaws.minlaw.gov.bd/act-details-1620.html,2026-09-02,Ordinance,http://bdlaws.minlaw.gov.bd/upload/act/2026-02-10-09-43-55-Ordinance-No.-27-of-2026.pdf,data\raw\http-bdlaws-minlaw-gov-bd-act-1620-html.html,act-1620,data\full_text\act-details-1620.txt,True,http://bdlaws.minlaw.gov.bd/act-895.html,"বেসরকারী শিক্ষা প্রতিষ্ঠান শিক্ষক ও কর্মচারী অবসর সুবিধা আইন, ২০০২",data\raw\http-bdlaws-minlaw-gov-bd-act-895-html.html,http://bdlaws.minlaw.gov.bd/act-details-895.html,act-895,data\full_text\act-details-895.txt,2002-01-12
"বেসরকারী শিক্ষা প্রতিষ্ঠান শিক্ষক ও কর্মচারী কল্যাণ ট্রাষ্ট (সংশোধন) অধ্যাদেশ, ২০২৬",http://bdlaws.minlaw.gov.bd/act-1621.html,http://bdlaws.minlaw.gov.bd/act-details-1621.html,2026-09-02,Ordinance,http://bdlaws.minlaw.gov.bd/upload/act/2026-02-10-10-01-56-Ordinance-No.-28-of-2026.pdf,data\raw\http-bdlaws-minlaw-gov-bd-act-1621-html.html,act-1621,data\full_text\act-details-1621.txt,True,http://bdlaws.minlaw.gov.bd/act-739.html,"বেসরকারী শিক্ষা প্রতিষ্ঠান শিক্ষক ও কর্মচারী কল্যাণ ট্রাষ্ট আইন, ১৯৯০",data\raw\http-bdlaws-minlaw-gov-bd-act-739-html.html,http://bdlaws.minlaw.gov.bd/act-details-739.html,act-739,data\full_text\act-details-739.txt,
"জাতীয় ক্রীড়া পরিষদ (সংশোধন) অধ্যাদেশ, ২০২৬",http://bdlaws.minlaw.gov.bd/act-1622.html,http://bdlaws.minlaw.gov.bd/act-details-1622.html,2026-09-02,Ordinance,http://bdlaws.minlaw.gov.bd/upload/act/2026-02-10-10-18-03-Ordinance-No.-29-of-2026.pdf,data\raw\http-bdlaws-minlaw-gov-bd-act-1622-html.html,act-1622,data\full_text\act-details-1622.txt,True,http://bdlaws.minlaw.gov.bd/act-1264.html,"জাতীয় ক্রীড়া পরিষদ আইন, ২০১৮",data\raw\http-bdlaws-minlaw-gov-bd-act-1264-html.html,http://bdlaws.minlaw.gov.bd/act-details-1264.html,act-1264,data\full_text\act-details-1264.txt,2018-08-10
"তথ্য অধিকার (সংশোধন) অধ্যাদেশ, ২০২৬",http://bdlaws.minlaw.gov.bd/act-1623.html,http://bdlaws.minlaw.gov.bd/act-details-1623.html,2026-09-02,Ordinance,http://bdlaws.minlaw.gov.bd/upload/act/2026-02-10-10-17-38-Ordinance-No.-30-of-2026.pdf,data\raw\http-bdlaws-minlaw-gov-bd-act-1623-html.html,act-1623,data\full_text\act-details-1623.txt,True,http://bdlaws.minlaw.gov.bd/act-1011.html,"তথ্য অধিকার আইন, ২০০৯",data\raw\http-bdlaws-minlaw-gov-bd-act-1011-html.html,http://bdlaws.minlaw.gov.bd/act-details-1011.html,act-1011,data\full_text\act-details-1011.txt,2009-06-04
"বাংলাদেশ গ্যাস (সংশোধন) অধ্যাদেশ, ২০২৬",http://bdlaws.minlaw.gov.bd/act-1624.html,http://bdlaws.minlaw.gov.bd/act-details-1624.html,2026-02-15,Ordinance,http://bdlaws.minlaw.gov.bd/upload/act/2026-02-17-10-16-47-Ordinance-No.-31-of-2026.pdf,data\raw\http-bdlaws-minlaw-gov-bd-act-1624-html.html,act-1624,data\full_text\act-details-1624.txt,True,http://bdlaws.minlaw.gov.bd/act-1052.html,"বাংলাদেশ গ্যাস আইন, ২০১০",data\raw\http-bdlaws-minlaw-gov-bd-act-1052-html.html,http://bdlaws.minlaw.gov.bd/act-details-1052.html,act-1052,data\full_text\act-details-1052.txt,2010-07-19
"কুমিল্লা উন্নয়ন কর্তৃপক্ষ অধ্যাদেশ, ২০২৬",http://bdlaws.minlaw.gov.bd/act-1625.html,http://bdlaws.minlaw.gov.bd/act-details-1625.html,2026-02-15,Ordinance,http://bdlaws.minlaw.gov.bd/upload/act/2026-02-17-10-33-03-Ordinance-No.-32-of-2026.pdf,data\raw\http-bdlaws-minlaw-gov-bd-act-1625-html.html,act-1625,data\full_text\act-details-1625.txt,False,,,,,,,
"নারায়ণগঞ্জ উন্নয়ন কর্তৃপক্ষ অধ্যাদেশ, ২০২৬",http://bdlaws.minlaw.gov.bd/act-1626.html,http://bdlaws.minlaw.gov.bd/act-details-1626.html,2026-02-15,Ordinance,http://bdlaws.minlaw.gov.bd/upload/act/2026-02-17-11-13-16-Ordinance-No.-33-of-2026.pdf,data\raw\http-bdlaws-minlaw-gov-bd-act-1626-html.html,act-1626,data\full_text\act-details-1626.txt,False,,,,,,,
"Negotiable Instruments (Amendment) Ordinance, 2026",http://bdlaws.minlaw.gov.bd/act-1627.html,http://bdlaws.minlaw.gov.bd/act-details-1627.html,2026-02-15,Ordinance,http://bdlaws.minlaw.gov.bd/upload/act/2026-02-17-12-30-09-Ordinance-No.-34-of-2026.pdf,data\raw\http-bdlaws-minlaw-gov-bd-act-1627-html.html,act-1627,data\full_text\act-details-1627.txt,True,http://bdlaws.minlaw.gov.bd/act-46.html,"The Negotiable Instruments Act, 1881",data\raw\http-bdlaws-minlaw-gov-bd-act-46-html.html,http://bdlaws.minlaw.gov.bd/act-details-46.html,act-46,data\full_text\act-details-46.txt,1881-09-12
"Bangladesh House Building Finance Corporation (Amendment) Ordinance, 2026",http://bdlaws.minlaw.gov.bd/act-1628.html,http://bdlaws.minlaw.gov.bd/act-details-1628.html,2026-02-15,Ordinance,http://bdlaws.minlaw.gov.bd/upload/act/2026-02-17-14-13-57-Ordinance-No.-35-of-2026.pdf,data\raw\http-bdlaws-minlaw-gov-bd-act-1628-html.html,act-1628,data\full_text\act-details-1628.txt,True,,,,,,,
"বাংলাদেশ বনশিল্প উন্নয়ন কর্পোরেশন অধ্যাদেশ, ২০২৬",http://bdlaws.minlaw.gov.bd/act-1629.html,http://bdlaws.minlaw.gov.bd/act-details-1629.html,2026-02-15,Ordinance,http://bdlaws.minlaw.gov.bd/upload/act/2026-02-17-15-43-00-Ordinance-No.-36-of-2026.pdf,data\raw\http-bdlaws-minlaw-gov-bd-act-1629-html.html,act-1629,data\full_text\act-details-1629.txt,False,,,,,,,
